INSERT INTO public.customer (customer_id, customer_name, dob)
VALUES
('8d6c23a5-44e8-4d2b-a86f-54a98fbd9753', 'Jethro', '2003-07-20'),
('5b32b1e5-7c8f-4d5f-8959-4bf4c0984e70', 'Jeffrey', '1992-12-27')
;

INSERT INTO public.airport (airport_code, city_name)
VALUES
    ('YVR', 'Vancouver'),
    ('YYZ', 'Toronto'),
    ('LAX', 'Los Angeles'),
    ('JFK', 'New York'),
    ('DFW', 'Dallas'),
    ('ORD', 'Chicago'),
    ('SFO', 'San Francisco'),
    ('ATL', 'Atlanta'),
    ('LHR', 'London'),
    ('CDG', 'Paris')
   ;


INSERT INTO public.route (route_id, origin_airport_code, destination_airport_code) 
VALUES 
('bbd51bf5-0c06-4c92-80d3-3f8f33501f6b', 'YVR', 'YYZ'),
('f86002e0-8d94-42c5-b08e-45e3589450b0', 'LAX', 'JFK'),
('91cc0d97-ff92-4f45-93f6-68a112a21c8c', 'DFW', 'ORD'),
('37bfb36d-0f58-4262-af29-fb785f336b93', 'SFO', 'ATL'),
('93c8d1d1-1a51-499b-8595-fa8b4d1b5de5', 'LHR', 'CDG')
;

INSERT INTO public.flight_model (flight_model_name_key, manufacturer_name) 
VALUES 
('Boeing 737', 'Boeing'),
('Airbus A320', 'Airbus'),
('Embraer E190', 'Embraer'),
('Bombardier CRJ900', 'Bombardier'),
('Boeing 777', 'Boeing')
;

INSERT INTO public.model_seat (model_seat_id, seat_number, seat_class, flight_model_name_key) VALUES 
 ('f9c7b269-a4d7-4153-8c1e-639bbe64f0d3', '1A', 'United First', 'Boeing 737'),
 ('e5654d3c-55f1-4b86-9515-a130fecae301', '1B', 'United First', 'Boeing 737'),
 ('44eabb86-ef9c-4489-9036-2f010d885dfc', '1C', 'United First', 'Boeing 737'),
 ('c10a7585-b252-452f-8fe9-78e7f7a0784f', '1D', 'United First', 'Boeing 737'),
 ('88ae09cc-b59b-4e76-9110-31bdeb316719', '2A', 'United First', 'Boeing 737'),
 ('6373e7a9-d76e-44ca-abe3-e79d03a468a4', '2B', 'United First', 'Boeing 737'),
 ('3547c356-c94f-486b-9374-ae39e6a165f8', '2C', 'United First', 'Boeing 737'),
 ('e5ed6503-b74d-4b5f-a67c-92d83ec78b34', '2D', 'United First', 'Boeing 737'),
 ('1e95039a-9b99-4495-adaf-f5b9556c3555', '3A', 'United First', 'Boeing 737'),
 ('b0655c6f-7566-4c60-b360-c62e5437e95b', '3B', 'United First', 'Boeing 737'),
 ('e79c5d74-e221-482a-9cfe-4bc26cc1af56', '3C', 'United First', 'Boeing 737'),
 ('bb521043-b0ea-44a5-9d96-09c36caed75a', '3D', 'United First', 'Boeing 737'),
 ('de3b7fd2-fc18-423e-b303-a99fc05fb511', '4A', 'United First', 'Boeing 737'),
 ('93cdbe3b-e1d1-4094-b385-a047d11bac00', '4B', 'United First', 'Boeing 737'),
 ('8462da1b-ba3f-468c-81ac-4503d75808ce', '4C', 'United First', 'Boeing 737'),
 ('85febcc6-004d-482a-a89c-76210f3917d1', '4D', 'United First', 'Boeing 737'),
 ('cdb79a50-96d9-4ec5-843e-eceb3a554f5e', '7A', 'Economy Plus', 'Boeing 737'),
 ('8447a4bc-b1ea-49e8-9ffd-9b17dfa0c43f', '7B', 'Economy Plus', 'Boeing 737'),
 ('58076fd7-78ab-452d-a96b-ed327e5c4b98', '7C', 'Economy Plus', 'Boeing 737'),
 ('a251b896-9d61-4905-be12-69c257547919', '7D', 'Economy Plus', 'Boeing 737'),
 ('0d3ef360-1c7f-4549-94ba-e6842815e3ff', '7E', 'Economy Plus', 'Boeing 737'),
 ('e855299d-9fd4-4381-94c5-84f794508466', '7F', 'Economy Plus', 'Boeing 737'),
 ('0150a588-4bdb-4522-9b22-43bd7a7ed98b', '8A', 'Economy Plus', 'Boeing 737'),
 ('2ecab43a-601e-4bcd-96fa-42451c067f89', '8B', 'Economy Plus', 'Boeing 737'),
 ('15509f91-d744-4f09-b64d-4e61bb2c4a82', '8C', 'Economy Plus', 'Boeing 737'),
 ('5305b6c0-1285-424d-8de1-f8aef5bd5b3f', '8D', 'Economy Plus', 'Boeing 737'),
 ('45719791-9f92-428f-8fd3-f9bcacd23ba0', '8E', 'Economy Plus', 'Boeing 737'),
 ('3d43e30c-585a-473f-b72c-ac3e89205f15', '8F', 'Economy Plus', 'Boeing 737'),
 ('bd246b7f-a652-40cf-8b0a-a4920499b648', '9A', 'Economy Plus', 'Boeing 737'),
 ('fd4f5caa-577d-49a0-bc97-e2cbb0a05a5e', '9B', 'Economy Plus', 'Boeing 737'),
 ('6a251b90-636b-4f63-9030-4c2da0ffee9a', '9C', 'Economy Plus', 'Boeing 737'),
 ('d76cf5c6-b8aa-46af-a036-8130bf346dea', '9D', 'Economy Plus', 'Boeing 737'),
 ('e411f57a-572d-40a2-b0c1-2703620e1023', '9E', 'Economy Plus', 'Boeing 737'),
 ('7f17f8df-bb33-44ec-8ed1-66640bc8e639', '9F', 'Economy Plus', 'Boeing 737'),
 ('7d5cd503-ee6b-4bc2-be8c-b68f834a2275', '10A', 'Economy Plus', 'Boeing 737'),
 ('aadbb354-b339-4a51-a766-85c5aa084bb8', '10B', 'Economy Plus', 'Boeing 737'),
 ('52dc9fc7-d5f8-4c30-8b9d-cbb959a47bdf', '10C', 'Economy Plus', 'Boeing 737'),
 ('d634f0e6-78a2-46ad-9a86-1b3e64b9a90a', '10D', 'Economy Plus', 'Boeing 737'),
 ('8f28ef85-1e72-4893-be3f-d2ff77455ba5', '10E', 'Economy Plus', 'Boeing 737'),
 ('d1628d9c-2cf2-4869-bead-9d25685dd0ca', '10F', 'Economy Plus', 'Boeing 737'),
 ('9373e32a-72a6-4cef-8f1f-5f48bf599822', '11A', 'Economy Plus', 'Boeing 737'),
 ('05d4d0ba-bf0e-4966-a494-31e2be53c1ed', '11B', 'Economy Plus', 'Boeing 737'),
 ('532bdb15-c560-4903-93c7-eead04d91536', '11C', 'Economy Plus', 'Boeing 737'),
 ('7b1ba662-3c13-4120-b084-26214b88c2b0', '11D', 'Economy Plus', 'Boeing 737'),
 ('f824d6bb-99b5-49ee-af5c-7da5382066af', '11E', 'Economy Plus', 'Boeing 737'),
 ('8c0203a1-934c-4493-97d2-bfd99bbb2011', '11F', 'Economy Plus', 'Boeing 737'),
 ('7ac00739-04d8-4048-91ab-8a007f71daff', '12A', 'Economy Plus', 'Boeing 737'),
 ('f3665277-cd94-4fae-8988-82d7cba70559', '12B', 'Economy Plus', 'Boeing 737'),
 ('7070e9b9-8418-45e2-814b-e1ccbc92d7cd', '12C', 'Economy Plus', 'Boeing 737'),
 ('eb09629b-a624-47b8-b4fa-0ec1280fe214', '12D', 'Economy Plus', 'Boeing 737'),
 ('8a84c69d-c842-4f94-ad5a-1b6687039b11', '12E', 'Economy Plus', 'Boeing 737'),
 ('ae44f018-7f63-4838-8b85-61d887f15f33', '12F', 'Economy Plus', 'Boeing 737'),
 ('43c9fe1b-2f79-42ec-bf83-cfb5b7493968', '13A', 'Economy Plus', 'Boeing 737'),
 ('cfd9ff08-0f12-4b06-b08f-aaff95ee13f4', '13B', 'Economy Plus', 'Boeing 737'),
 ('7c06a5be-2e2d-4eee-a0ca-349c6c8ccfb2', '13C', 'Economy Plus', 'Boeing 737'),
 ('2502e79e-34c4-4b4c-a5ef-c61e2706f26d', '13D', 'Economy Plus', 'Boeing 737'),
 ('f0719826-ffdc-4c15-bf5b-498a7158249e', '13E', 'Economy Plus', 'Boeing 737'),
 ('91e91d76-2247-447a-acc8-b0d3f95bd919', '13F', 'Economy Plus', 'Boeing 737'),
 ('5361e36d-c49d-430a-b610-efcd81a58d08', '14A', 'Economy Plus', 'Boeing 737'),
 ('6685bf9c-bc11-4c32-9e77-41952f68ed7a', '14B', 'Economy Plus', 'Boeing 737'),
 ('419cf3b6-732f-43b0-9b89-24334e97dc3d', '14C', 'Economy Plus', 'Boeing 737'),
 ('cc6b6b56-b08f-4b59-87ed-ec3eec181d43', '14D', 'Economy Plus', 'Boeing 737'),
 ('7b7a948d-04bb-4e1a-af51-2ff277025644', '14E', 'Economy Plus', 'Boeing 737'),
 ('2c3c7871-459f-4a92-b25d-42e59d1ffc84', '14F', 'Economy Plus', 'Boeing 737'),
 ('3bb3cd19-0f34-4a87-a8b2-b0f292ac3aa9', '15A', 'Economy', 'Boeing 737'),
 ('9514f719-5008-4172-ba2d-7a14f3b25234', '15B', 'Economy', 'Boeing 737'),
 ('d988ebc4-a105-488b-bf1a-0792a5a58c52', '15C', 'Economy', 'Boeing 737'),
 ('64eda616-d071-4397-ac31-ac62135881b7', '15D', 'Economy', 'Boeing 737'),
 ('0969887b-142e-479e-a5ce-d7039c0bd45e', '15E', 'Economy', 'Boeing 737'),
 ('3880b420-b29a-4604-ae53-b122b01e21cb', '15F', 'Economy', 'Boeing 737'),
 ('9c7b154a-62b5-40bc-8202-ab60e29b017a', '20A', 'Economy Plus', 'Boeing 737'),
 ('a19adbd3-1523-4c5e-9796-3312977cc577', '20B', 'Economy Plus', 'Boeing 737'),
 ('e2a28b37-62bc-4bbc-a068-8d4625717168', '20C', 'Economy Plus', 'Boeing 737'),
 ('2b907f5f-9da3-4746-b67f-b1419e5d4850', '20D', 'Economy Plus', 'Boeing 737'),
 ('7b065eb9-c831-4eac-9f74-fb512d0ae2ae', '20E', 'Economy Plus', 'Boeing 737'),
 ('45c6b4e3-d3eb-4006-a6e5-ec68a04cbdba', '20F', 'Economy Plus', 'Boeing 737'),
 ('c8200522-b0f1-4e4f-8170-9da8030bb29a', '21A', 'Economy Plus', 'Boeing 737'),
 ('d8b83c65-f9f4-4835-88ed-add0b55cb5eb', '21B', 'Economy Plus', 'Boeing 737'),
 ('cd47968f-b3f5-43ee-abcb-d6107d29da0c', '21C', 'Economy Plus', 'Boeing 737'),
 ('73925e7c-99db-4ca8-8037-f0e6e825024a', '21D', 'Economy Plus', 'Boeing 737'),
 ('437f9985-08b4-4450-8553-120b30218569', '21E', 'Economy Plus', 'Boeing 737'),
 ('f9c3301b-29a8-4d58-a8f3-dfe3ffbf4589', '21F', 'Economy Plus', 'Boeing 737'),
 ('07199bdc-6a4c-4ef8-bc82-915e589c1078', '22A', 'Economy', 'Boeing 737'),
 ('2657bd64-742c-4f3b-8b0a-db3c047f3f9d', '22B', 'Economy', 'Boeing 737'),
 ('e5acf008-8d96-4675-8488-834f10efd63f', '22C', 'Economy', 'Boeing 737'),
 ('6698d425-e35e-4619-945e-9fa0421bf2d5', '22D', 'Economy', 'Boeing 737'),
 ('7b3df3f5-da0e-48c8-80d6-002c55594104', '22E', 'Economy', 'Boeing 737'),
 ('89280a48-4962-4c13-8623-38970eb9e2ff', '22F', 'Economy', 'Boeing 737'),
 ('a005ba59-b47c-4335-897d-da0629e44de3', '23A', 'Economy', 'Boeing 737'),
 ('b6a4ae61-1ae0-4cde-9c9a-6dea537c0ce3', '23B', 'Economy', 'Boeing 737'),
 ('7f2a6848-d9e7-488f-bf0a-ca1b194cf77d', '23C', 'Economy', 'Boeing 737'),
 ('5dfe13d7-2317-4cf7-92b8-58b170626fa4', '23D', 'Economy', 'Boeing 737'),
 ('3bb27ec9-ebee-480c-904d-fd8bc9754c07', '23E', 'Economy', 'Boeing 737'),
 ('724b39b7-f85c-4d26-955e-7d73efe66fda', '23F', 'Economy', 'Boeing 737'),
 ('66b2bf3d-abc2-49dc-a118-b950f276fb87', '24A', 'Economy', 'Boeing 737'),
 ('3357d4fc-cf59-42bf-9036-79da52d239b1', '24B', 'Economy', 'Boeing 737'),
 ('746e8837-8c29-429c-80b2-c027fa48b506', '24C', 'Economy', 'Boeing 737'),
 ('6a2cb7bb-9ca1-475a-9c78-2714b6206db3', '24D', 'Economy', 'Boeing 737'),
 ('01238d75-cce0-4cc9-a436-0a33f8c550dd', '24E', 'Economy', 'Boeing 737'),
 ('61e13297-17f6-419a-b5c9-b81b84e23e5e', '24F', 'Economy', 'Boeing 737'),
 ('b1ad4cf9-cdff-4273-915d-0298371d7764', '25A', 'Economy', 'Boeing 737'),
 ('0255dec2-f439-46ee-af18-c381fa6d5ac7', '25B', 'Economy', 'Boeing 737'),
 ('55734e51-2075-4544-84c6-6dfd7b2d184f', '25C', 'Economy', 'Boeing 737'),
 ('9e1aa944-fb70-4b3c-babe-a9252be9fc54', '25D', 'Economy', 'Boeing 737'),
 ('d95bba10-a8ac-4aaa-b9ed-9c11c1252666', '25E', 'Economy', 'Boeing 737'),
 ('0f9bb496-5301-44dd-99be-e0fbb11a065d', '25F', 'Economy', 'Boeing 737'),
 ('28a917c0-b329-483d-a62a-b8c183372080', '26A', 'Economy', 'Boeing 737'),
 ('0236fed5-4d09-4aef-98e1-6c1a03f8a5eb', '26B', 'Economy', 'Boeing 737'),
 ('92b11d80-f317-46f0-bdba-f17ce6bcaeff', '26C', 'Economy', 'Boeing 737'),
 ('8623a307-c951-4f55-8cc6-52e28f8d0786', '26D', 'Economy', 'Boeing 737'),
 ('d60762cd-e871-4ed2-80e8-31ada8975611', '26E', 'Economy', 'Boeing 737'),
 ('88a98a0e-da08-4b10-92d2-713e35348d16', '26F', 'Economy', 'Boeing 737'),
 ('ce6b9fce-6c37-4373-b96f-8e422f417f8d', '27A', 'Economy', 'Boeing 737'),
 ('a3f05a32-0d11-4ac9-bb80-38e5b9927280', '27B', 'Economy', 'Boeing 737'),
 ('edd6e6a5-5249-4b8d-8da5-998ec2d19a4b', '27C', 'Economy', 'Boeing 737'),
 ('3acfd1fb-c305-4458-bc3c-a9a6da6592df', '27D', 'Economy', 'Boeing 737'),
 ('4fcc0d92-391d-4228-bb46-3a747a79e69b', '27E', 'Economy', 'Boeing 737'),
 ('5f15f29d-23a0-4086-9014-8c820d1de9f3', '27F', 'Economy', 'Boeing 737'),
 ('6f56200e-9b77-4395-89c9-1bf430feb597', '28A', 'Economy', 'Boeing 737'),
 ('f00af5b2-171d-494b-955d-4787c6ab5bf5', '28B', 'Economy', 'Boeing 737'),
 ('1e21da10-2e2d-48a3-b11f-0ea433ff0482', '28C', 'Economy', 'Boeing 737'),
 ('67811aab-1f1c-485f-b044-d1274f436c6c', '28D', 'Economy', 'Boeing 737'),
 ('459e7b74-3423-4c67-87be-9d20b0275dfd', '28E', 'Economy', 'Boeing 737'),
 ('307f36e2-a739-4082-9780-bd79417616bf', '28F', 'Economy', 'Boeing 737'),
 ('91359bf2-05ec-4b7a-a028-b1ed58c195ba', '29A', 'Economy', 'Boeing 737'),
 ('fc9903aa-3563-4612-8f11-e5ec3efb7f57', '29B', 'Economy', 'Boeing 737'),
 ('60bd8c21-99d4-4f51-aff1-77c9bacade77', '29C', 'Economy', 'Boeing 737'),
 ('078e2db3-adc9-4612-804e-ad7e2417cee7', '29D', 'Economy', 'Boeing 737'),
 ('db7fe392-5c15-411b-baef-f19b1e56d81f', '29E', 'Economy', 'Boeing 737'),
 ('99a4e39b-0a3b-4911-85eb-bfb677455bcb', '29F', 'Economy', 'Boeing 737'),
 ('82406909-9f2e-469c-9669-aeb09cd15d76', '30A', 'Economy', 'Boeing 737'),
 ('71c079a3-d37f-4365-9d3a-7c1bd78119bd', '30B', 'Economy', 'Boeing 737'),
 ('35c6126a-594d-4a1a-bccb-422e4db7cad4', '30C', 'Economy', 'Boeing 737'),
 ('aa4fb403-8317-4b94-b427-91c11e26e8c2', '30D', 'Economy', 'Boeing 737'),
 ('d84b93b9-8f3b-4a16-abb6-a4969043c061', '30E', 'Economy', 'Boeing 737'),
 ('f56025c5-0b66-4ef6-a9d7-014bd61bdb44', '30F', 'Economy', 'Boeing 737'),
 ('24bb22b8-da7b-4049-ab74-321080f8b61e', '31A', 'Economy', 'Boeing 737'),
 ('38255693-7d43-4248-b993-9b10eab9256f', '31B', 'Economy', 'Boeing 737'),
 ('6a3cbe29-8650-4bd7-a783-eaa91bffe140', '31C', 'Economy', 'Boeing 737'),
 ('1d69caa7-9a0d-4135-aa98-e71044700a93', '31D', 'Economy', 'Boeing 737'),
 ('f5c7e913-f0fa-4fb4-a664-c9341c9362c8', '31E', 'Economy', 'Boeing 737'),
 ('13196693-2191-4822-92a2-542d812d3f1d', '31F', 'Economy', 'Boeing 737'),
 ('7232aa7e-6a1b-4675-ae0e-97a6a5b962b5', '32A', 'Economy', 'Boeing 737'),
 ('92614a9c-7c9f-45df-bad5-ea4be305294d', '32B', 'Economy', 'Boeing 737'),
 ('6690dec0-a8c7-46ae-a989-894655b2e7af', '32C', 'Economy', 'Boeing 737'),
 ('5d2d7300-c2e9-46ff-8472-887f5c78f02a', '32D', 'Economy', 'Boeing 737'),
 ('3e32382f-ef58-4a27-ae35-5f0c501b53e1', '32E', 'Economy', 'Boeing 737'),
 ('7cd5c9d2-6228-4d4d-85cd-8b77a9ef9bf6', '32F', 'Economy', 'Boeing 737'),
 ('c82992bc-71a9-4ce8-9b35-517f232bc458', '33A', 'Economy', 'Boeing 737'),
 ('85d74363-4a72-42ec-bf0d-a4ac5d7e4548', '33B', 'Economy', 'Boeing 737'),
 ('17a7db5c-7a70-4a29-9462-9d16fe43bb64', '33C', 'Economy', 'Boeing 737'),
 ('1052505a-32b1-4b0a-9662-36f7c4703842', '33D', 'Economy', 'Boeing 737'),
 ('a2978f5e-02ae-4ce7-992c-a54e4c8b02f7', '33E', 'Economy', 'Boeing 737'),
 ('27a1d11f-e19a-48ed-a510-9c98e90cd64b', '33F', 'Economy', 'Boeing 737'),
 ('fa0f564b-f9a9-441f-ae3a-19aa3819506d', '34A', 'Economy', 'Boeing 737'),
 ('d85ec7eb-4caf-4ce5-a0c0-afea0e7107f1', '34B', 'Economy', 'Boeing 737'),
 ('31e9c761-7a9c-47ac-bc82-7c982b46f287', '34C', 'Economy', 'Boeing 737'),
 ('4d630765-9993-434e-a8a1-538711eedb0d', '34D', 'Economy', 'Boeing 737'),
 ('5af0316e-b5cd-4fc6-a1c4-c377304f904c', '34E', 'Economy', 'Boeing 737'),
 ('128c1e23-4ca9-4fbd-a494-c6cd92684910', '34F', 'Economy', 'Boeing 737'),
 ('1fe4d3da-3a23-4c3c-af75-86db80023975', '35A', 'Economy', 'Boeing 737'),
 ('bcbb2f1c-735e-431e-97f2-803f903e7786', '35B', 'Economy', 'Boeing 737'),
 ('5af66096-f149-49c3-9826-5fadeeb2b5e6', '35C', 'Economy', 'Boeing 737'),
 ('78d1efc4-c692-4520-adf5-25b55e5a97fd', '35D', 'Economy', 'Boeing 737'),
 ('d17256dd-b890-42cd-bcdf-d028f97fb210', '35E', 'Economy', 'Boeing 737'),
 ('388aa6a3-8143-4658-80df-ee02e790c121', '35F', 'Economy', 'Boeing 737'),
 ('27ef56ff-633a-4acd-a526-6d073acb9e3a', '36A', 'Economy', 'Boeing 737'),
 ('991c251b-6579-42e3-b7ee-c161f26caaed', '36B', 'Economy', 'Boeing 737'),
 ('52dd9c73-254f-4681-b3a0-489393b3a41a', '36C', 'Economy', 'Boeing 737'),
 ('93dd7628-c1ef-41dd-a779-6a206bd4ca23', '36D', 'Economy', 'Boeing 737'),
 ('a9c26710-f910-4ef9-92b5-97c95a6dea70', '36E', 'Economy', 'Boeing 737'),
 ('2d78d534-63ed-4882-b3c5-305c0dc23414', '36F', 'Economy', 'Boeing 737'),
 ('6c1f7249-712b-4eac-b6bd-fad530e7623c', '37A', 'Economy', 'Boeing 737'),
 ('4b5e80d7-f8c7-498d-a895-05443e630461', '37B', 'Economy', 'Boeing 737'),
 ('21f8f586-9bca-428d-82a3-2f5552236bba', '37C', 'Economy', 'Boeing 737'),
 ('d76c775e-d89b-492a-acde-77a106dfbe70', '37D', 'Economy', 'Boeing 737'),
 ('f35d5e4b-f6f8-42da-b045-eff477067a9d', '37E', 'Economy', 'Boeing 737'),
 ('31f83beb-c142-4683-b6a2-f7988e3d801b', '37F', 'Economy', 'Boeing 737'),
 ('ef8c712c-cd70-484b-8231-91322392f8f2', '38A', 'Economy', 'Boeing 737'),
 ('a4203b3a-5a84-44db-9284-0dc6818abcd6', '38B', 'Economy', 'Boeing 737'),
 ('79be0221-bf20-43fd-bed5-64d54a1f8d3b', '38C', 'Economy', 'Boeing 737'),
 ('27ed06d1-0383-4f0f-84c4-2ceadcc7548b', '38D', 'Economy', 'Boeing 737'),
 ('1a1f33ca-d2d3-46f0-9969-e74156664fa3', '38E', 'Economy', 'Boeing 737'),
 ('78697d24-7079-4c40-91e5-14845c453620', '38F', 'Economy', 'Boeing 737'),
 ('22a920d5-2cdd-4322-ba52-f97e69b3e52f', '1A', 'Some Issues', 'Embraer E190'),
 ('54bc19c9-e54e-466a-bcee-3dc4cbc32cbf', '1B', 'Some Issues', 'Embraer E190'),
 ('26d30061-d32b-47b2-b851-ea311f9a9d75', '2A', 'Standard', 'Embraer E190'),
 ('6f45b9db-7395-4034-a382-79a5184e1c9b', '2B', 'Standard', 'Embraer E190'),
 ('09c55ac7-47a2-4487-b031-9b7552d549a5', '2C', 'More Comfort', 'Embraer E190'),
 ('56eee70b-2c9c-4e3d-b4aa-112252d09db0', '2D', 'More Comfort', 'Embraer E190'),
 ('aca9a091-6b63-4f96-9bdd-bc6c2eae4829', '3A', 'Standard', 'Embraer E190'),
 ('8174a6a4-a85a-49fe-a916-8f6a350dad75', '3B', 'Standard', 'Embraer E190'),
 ('f6cf7ac8-3d06-4866-82b5-2dc5195cc13d', '3C', 'Standard', 'Embraer E190'),
 ('92d09f97-177b-433b-8da3-dd51496f87c5', '3D', 'Standard', 'Embraer E190'),
 ('30bedb8d-3e7b-46da-9da8-36d69937c3cc', '4A', 'Standard', 'Embraer E190'),
 ('b757ce8c-8937-44ca-acb2-11018a3d8f0c', '4B', 'Standard', 'Embraer E190'),
 ('32f26f43-5ef6-42e8-96bb-a1f3b270671d', '4C', 'Standard', 'Embraer E190'),
 ('16cb3042-6081-4929-89a8-7cf241272d7d', '4D', 'Standard', 'Embraer E190'),
 ('6fd87fa9-c04b-4b0b-8b18-ba6fe0bf6254', '5A', 'Standard', 'Embraer E190'),
 ('5920ec75-3738-4e3a-a3cb-09993b226901', '5B', 'Standard', 'Embraer E190'),
 ('2490f843-4cbd-491a-8c15-14e318165273', '5C', 'Standard', 'Embraer E190'),
 ('306feefe-9bfb-4af0-9e22-b9d272a2d979', '5D', 'Standard', 'Embraer E190'),
 ('a0be18da-4647-4294-bb4f-7830b4a6d3bd', '6A', 'Standard', 'Embraer E190'),
 ('395c20b8-28d2-4828-98ba-af81a4e3a750', '6B', 'Standard', 'Embraer E190'),
 ('9de79d4b-e6ee-4b85-80ae-bab4709b30bc', '6C', 'Standard', 'Embraer E190'),
 ('617f6f78-93cc-4693-8173-8549d963c12f', '6D', 'Standard', 'Embraer E190'),
 ('b2b7ebee-6ca2-4861-be3c-b9545ee1b82e', '7A', 'Standard', 'Embraer E190'),
 ('d67a9276-6454-4aeb-837a-2a4f9f86eb0d', '7B', 'Standard', 'Embraer E190'),
 ('54f87b42-8b60-472f-ad94-01d8289a86ee', '7C', 'Standard', 'Embraer E190'),
 ('bd39b36c-f3f2-4345-9067-afa08de1edf8', '7D', 'Standard', 'Embraer E190'),
 ('2aec5a6e-53de-4c28-a39f-613103ba3ded', '8A', 'Standard', 'Embraer E190'),
 ('a26ccd3c-da00-49cf-a691-18520325fefd', '8B', 'Standard', 'Embraer E190'),
 ('22d7d7d7-f21f-4e72-af02-6df34c8e1698', '8C', 'Standard', 'Embraer E190'),
 ('0150249b-987f-486b-99a9-b21e08cd810c', '8D', 'Standard', 'Embraer E190'),
 ('243b8d30-abd1-4a7d-a213-2786a1f2c4dd', '9A', 'Standard', 'Embraer E190'),
 ('ee0ea629-1b42-4a31-bd6f-ce7ec64a1e07', '9B', 'Standard', 'Embraer E190'),
 ('e89518c6-fb4d-4437-b03b-8c3fb17858d5', '9C', 'Standard', 'Embraer E190'),
 ('a39d10c4-12e6-4a2a-b776-b4a6e4844fa6', '9D', 'Standard', 'Embraer E190'),
 ('a2c68812-cc50-43bc-bc54-ff04d8d6cb0b', '10A', 'Wing From Window View', 'Embraer E190'),
 ('5e24b882-024a-469d-995a-559e19ddc5cd', '10B', 'Standard', 'Embraer E190'),
 ('84a6705e-7b9a-41a8-869b-5f4d68f39815', '10C', 'Standard', 'Embraer E190'),
 ('d3474701-798e-4f81-b118-81d64dcacde2', '10D', 'Wing From Window View', 'Embraer E190'),
 ('7d5cab0c-7fb8-47e9-b93f-e75061d128fe', '11A', 'Reduced Comfort', 'Embraer E190'),
 ('68101153-796c-4711-a244-c79fef0ff79e', '11B', 'Restricted', 'Embraer E190'),
 ('d1a57c0d-83b9-45d7-bd68-52f3dd4926dd', '11C', 'Restricted', 'Embraer E190'),
 ('4490da15-b1f9-4e24-ae37-96abb9f079a7', '11D', 'Reduced Comfort', 'Embraer E190'),
 ('f46e8514-a406-414f-920c-dcf21cd3c5aa', '12A', 'Some Issues', 'Embraer E190'),
 ('7bdaae7f-a761-470a-9754-1363fc62b580', '12B', 'More Comfort', 'Embraer E190'),
 ('a1df0916-01c0-42e6-bf1e-a05c2cfa49be', '12C', 'More Comfort', 'Embraer E190'),
 ('97c249ef-28b2-4676-a3d5-8b85bc028b50', '12D', 'Some Issues', 'Embraer E190'),
 ('48e85a82-1a47-47f0-82f7-c2a2b1fc835e', '13A', 'Wing From Window View', 'Embraer E190'),
 ('0738f72e-f69a-4f33-a956-39707e9b4d4c', '13B', 'Standard', 'Embraer E190'),
 ('3049b2db-c4b9-450e-b426-9c70f76a6d52', '13C', 'Standard', 'Embraer E190'),
 ('87325a11-582d-4874-909c-f2f5f63aa271', '13D', 'Wing From Window View', 'Embraer E190'),
 ('b395639f-3f8e-47b6-95d6-30bd8e91a15d', '14A', 'Wing From Window View', 'Embraer E190'),
 ('9dd82369-64ae-4fb6-af9c-8195c573d7b5', '14B', 'Standard', 'Embraer E190'),
 ('556a0c46-81a6-4b93-8648-f9f482386fcb', '14C', 'Standard', 'Embraer E190'),
 ('d007af23-db76-4e8d-a240-cbdf969e3a8d', '14D', 'Wing From Window View', 'Embraer E190'),
 ('8ca6e204-f4e2-410f-bd3c-97cba5d817e7', '15A', 'Wing From Window View', 'Embraer E190'),
 ('c494f604-bc02-4a2f-aee8-bf9485c05fea', '15B', 'Standard', 'Embraer E190'),
 ('1c058b69-a544-4946-b5e9-0fa977f18882', '15C', 'Standard', 'Embraer E190'),
 ('d9c80d1c-1874-4592-afd6-72f6804f7548', '15D', 'Wing From Window View', 'Embraer E190'),
 ('76b89dc0-6552-4edf-9d84-3c26256d1a85', '16A', 'Wing From Window View', 'Embraer E190'),
 ('d38e0e17-55b5-4f36-9404-831d396f1762', '16B', 'Standard', 'Embraer E190'),
 ('22c6ef0b-c8ed-456d-87dd-2140fd26aaa5', '16C', 'Standard', 'Embraer E190'),
 ('8b7fde7c-c687-4eb2-aeb7-2370f0dc0a4e', '16D', 'Wing From Window View', 'Embraer E190'),
 ('7a3b3479-5b0f-4ed0-9bd8-4cabe332e3cf', '17A', 'Standard', 'Embraer E190'),
 ('0b4ece01-4c9f-4c75-a295-c28242579bf2', '17B', 'Standard', 'Embraer E190'),
 ('3ea21693-2945-4347-8cd9-478a30c92a82', '17C', 'Standard', 'Embraer E190'),
 ('2943cb8d-d158-4f54-8bf8-0e6270e3a7c6', '17D', 'Standard', 'Embraer E190'),
 ('0e18232e-469c-4e11-80b1-d970f49d24fa', '18A', 'Standard', 'Embraer E190'),
 ('3bd16fcb-1321-46e2-9553-4637fab8713d', '18B', 'Standard', 'Embraer E190'),
 ('d74665b5-1c69-4727-8767-25762021f295', '18C', 'Standard', 'Embraer E190'),
 ('3b9e430c-a071-4c2d-8554-38b68c0404c1', '18D', 'Standard', 'Embraer E190'),
 ('0d88ba2b-17be-4575-bdcd-caf3e79a696f', '19A', 'Standard', 'Embraer E190'),
 ('a9345c8b-8ec6-4d89-8c74-93df2c771ed0', '19B', 'Standard', 'Embraer E190'),
 ('05499e0c-acd7-407b-8212-749731d78c70', '19C', 'Standard', 'Embraer E190'),
 ('cb305f8c-c082-4b26-850f-ce6732973d9f', '19D', 'Standard', 'Embraer E190'),
 ('9a161312-c4b2-4909-b344-c4eab5b8633d', '20A', 'Standard', 'Embraer E190'),
 ('deae5388-e543-4caf-99c8-1ed6f1f6c82d', '20B', 'Standard', 'Embraer E190'),
 ('2d6ca0f2-ecc2-41a8-a6f3-c1b305b16289', '20C', 'Standard', 'Embraer E190'),
 ('2fdc7470-e5bf-4944-8cc0-249e397fb2d4', '20D', 'Standard', 'Embraer E190'),
 ('213c6e8f-8aee-44ba-8985-29df23ce4f20', '21A', 'Standard', 'Embraer E190'),
 ('f0b997ab-ba89-4be4-ab31-61faaa51cf98', '21B', 'Standard', 'Embraer E190'),
 ('374e12b5-a0fc-4bac-a045-7532e1f87908', '21C', 'Standard', 'Embraer E190'),
 ('8c2a112d-e2b0-42d2-8fc1-543b86a2717a', '21D', 'Standard', 'Embraer E190'),
 ('a2a381a0-68bb-49e7-a61d-e811aae688c2', '22A', 'Standard', 'Embraer E190'),
 ('cc29243d-5356-4da8-b3b3-9dc5bddfc8a1', '22B', 'Standard', 'Embraer E190'),
 ('4c7c4d06-15ea-45a3-acb5-49dd3684b3f9', '22C', 'Standard', 'Embraer E190'),
 ('11fd2689-1058-4acb-ac0e-e91bc3206aaa', '22D', 'Standard', 'Embraer E190'),
 ('9686fa6c-47f5-4e4d-97f1-1c9b99949daf', '23A', 'Standard', 'Embraer E190'),
 ('be950ee0-3c19-4e98-8124-e107a0e46bff', '23B', 'Standard', 'Embraer E190'),
 ('7a8d7ba8-dfa9-4e51-bfc0-80fa2bca6d42', '23C', 'Standard', 'Embraer E190'),
 ('483dacb7-bc9a-4118-9086-43f85c5775bd', '23D', 'Standard', 'Embraer E190'),
 ('c5fe5169-8c7d-4970-abdb-0be5a0f72f78', '24A', 'Standard', 'Embraer E190'),
 ('f3939b42-1bb8-40a2-8ac5-d868517f570e', '24B', 'Standard', 'Embraer E190'),
 ('823a9541-ed16-4ccf-84e6-cb4fca9cb5e2', '24C', 'Standard', 'Embraer E190'),
 ('beeba735-7589-4894-af75-5ef1c2f37655', '24D', 'Standard', 'Embraer E190'),
 ('6d5f80a3-0ca2-4086-b850-8451a3ecfdd5', '25A', 'Restricted', 'Embraer E190'),
 ('8db13c58-9dec-46e6-93c2-d8f22e7db9be', '25B', 'Restricted', 'Embraer E190'),
 ('87b0c42c-f29d-4834-af8e-f2c46ee3c3ab', '25C', 'Restricted', 'Embraer E190'),
 ('4d08fdd7-8da0-4992-8b93-d87653a04b8b', '25D', 'Restricted', 'Embraer E190'),
 ('921ea1bd-ea74-4555-b04a-d365b49e5cda', '1D', 'Some Issues', 'Airbus A320'),
 ('eb8ce014-e629-4dba-b431-6a7492cd36d4', '1F', 'Some Issues', 'Airbus A320'),
 ('c43790cd-40b2-440d-a984-752a73bfcb37', '2A', 'Some Issues', 'Airbus A320'),
 ('6594714f-a36e-44de-a553-ec1b6de81727', '2C', 'Some Issues', 'Airbus A320'),
 ('3c9b3e11-a6ca-480c-a74b-c67cfb5ce859', '2D', 'Standard', 'Airbus A320'),
 ('4e949363-93f4-492c-bf01-f8580a2db481', '2F', 'Standard', 'Airbus A320'),
 ('bc1edb33-fcf8-4ef2-aa8b-c898b6bda78f', '3A', 'Standard', 'Airbus A320'),
 ('aac936e7-8696-42c2-8be2-3538eb5b71ca', '3C', 'Standard', 'Airbus A320'),
 ('6c15c99d-594d-472d-ae6d-b7b55771741f', '3D', 'Standard', 'Airbus A320'),
 ('4928d150-0d8d-4214-b053-71659bbf3c03', '3F', 'Standard', 'Airbus A320'),
 ('92785bf0-f940-476f-80b3-2a6baba17f01', '4A', 'Standard', 'Airbus A320'),
 ('8f298671-ead5-4ef6-971f-0dc358ede465', '4C', 'Standard', 'Airbus A320'),
 ('2ddba658-16de-4806-ba46-c25b699f6045', '4D', 'Standard', 'Airbus A320'),
 ('633da4d9-b84b-4941-9993-b2ce0cfc8e04', '4F', 'Standard', 'Airbus A320'),
 ('4c21e87a-4142-4cf1-83df-de8862feba84', '5A', 'Standard', 'Airbus A320'),
 ('e0b0c6a5-7191-40ee-9087-979c62a8d179', '5B', 'Standard', 'Airbus A320'),
 ('a0a81e68-0a33-4dfa-911c-7329105d1f12', '5C', 'Standard', 'Airbus A320'),
 ('c6415839-c005-4b77-8fbc-00eeee79995a', '5D', 'Standard', 'Airbus A320'),
 ('c4d9dc0a-74fe-4021-a2da-43f1b43bc144', '5E', 'Standard', 'Airbus A320'),
 ('61a9ddaa-8ca1-45dd-ad90-1d5ec3dbf897', '5F', 'Standard', 'Airbus A320'),
 ('ab894768-45cb-4d78-ad79-ff8619f8aed7', '6A', 'Standard', 'Airbus A320'),
 ('30896b69-38ad-48c7-8dec-1253277b0f7c', '6B', 'Standard', 'Airbus A320'),
 ('e4b0e354-257a-404b-a684-9b4568a01f48', '6C', 'Standard', 'Airbus A320'),
 ('96faa8b0-8d5f-48c4-8302-c59774a0a7ab', '6D', 'Standard', 'Airbus A320'),
 ('f845327c-a519-4cb2-9a10-0955f3f7fd47', '6E', 'Standard', 'Airbus A320'),
 ('2cf8f0af-8014-43f0-9f53-e5f1c1e070f3', '6F', 'Standard', 'Airbus A320'),
 ('2c14d92b-6d7a-4ab1-a09d-f6eae5c64d8d', '7A', 'Standard', 'Airbus A320'),
 ('5386eade-1bc6-4160-acb0-0416c0f64215', '7B', 'Standard', 'Airbus A320'),
 ('9337dcc8-6a9b-4a7a-b230-d6abbedce8f1', '7C', 'Standard', 'Airbus A320'),
 ('9185f808-36a1-4d5d-a5c1-ee7750225cc3', '7D', 'Standard', 'Airbus A320'),
 ('2bd2422a-b12c-4a18-8ba4-91be2f9a542c', '7E', 'Standard', 'Airbus A320'),
 ('9628f2c6-0598-4ecb-99d4-d6480dcaec7b', '7F', 'Standard', 'Airbus A320'),
 ('e9413ae2-3411-4057-a261-767c9e7fa970', '8A', 'Standard', 'Airbus A320'),
 ('e04d0f04-08b4-4ef5-8d07-5ba209f15aef', '8B', 'Standard', 'Airbus A320'),
 ('183c1813-73c5-40f7-8430-45e09b06f28f', '8C', 'Standard', 'Airbus A320'),
 ('13e5a8c9-eb04-4349-ab58-1b886098f423', '8D', 'Standard', 'Airbus A320'),
 ('4f918a0a-fa13-4fca-8d9e-0e2709307a19', '8E', 'Standard', 'Airbus A320'),
 ('371cb9ce-b595-42a8-9703-deb43e95b3ce', '8F', 'Standard', 'Airbus A320'),
 ('0ffb381c-a288-47a6-b1ec-64bce75d5767', '9A', 'Standard', 'Airbus A320'),
 ('c168bed5-bbd5-4cc1-8f05-877e51832126', '9B', 'Standard', 'Airbus A320'),
 ('35112ad5-b6ec-40b5-ab7a-554159f6cfee', '9C', 'Standard', 'Airbus A320'),
 ('47b82db2-8b41-4886-ba58-6d67dbdc53c4', '9D', 'Standard', 'Airbus A320'),
 ('ef862403-4c07-4af0-872e-1993962a2c82', '9E', 'Standard', 'Airbus A320'),
 ('7ee44832-c650-4af6-bd56-d7541aa9906e', '9F', 'Standard', 'Airbus A320'),
 ('50e126b2-eb38-47ce-8adb-29e3ecc061bb', '10A', 'Standard', 'Airbus A320'),
 ('af1700bf-5a84-4c6f-a446-8307c441c01e', '10B', 'Standard', 'Airbus A320'),
 ('5692cce4-eb4f-46cf-960b-54a8bf68ba2f', '10C', 'Standard', 'Airbus A320'),
 ('176a8e53-b796-4eea-8076-901af3d05c4a', '10D', 'Standard', 'Airbus A320'),
 ('c55e6ede-0fbf-4238-9664-20d973b072d4', '10E', 'Standard', 'Airbus A320'),
 ('7c37c80e-96d3-4371-81e9-36e051a72bb2', '10F', 'Standard', 'Airbus A320'),
 ('b399280e-7190-4d3a-b4a1-d5d4196c2670', '11A', 'Standard', 'Airbus A320'),
 ('fded5797-745a-48aa-8d04-8bed5fc65d8a', '11B', 'Standard', 'Airbus A320'),
 ('57438449-d09f-4906-896c-9cb715cd22e5', '11C', 'Standard', 'Airbus A320'),
 ('91fe9eb8-b14a-4e2d-b654-d7f847cb6a22', '11D', 'Standard', 'Airbus A320'),
 ('c80f560a-8436-44eb-8e44-eb3e0f5e4188', '11E', 'Standard', 'Airbus A320'),
 ('a829a287-8ca0-44f7-8347-4fb7239677a5', '11F', 'Standard', 'Airbus A320'),
 ('139e8b3a-fd66-4e79-ae56-5b26871edecb', '12A', 'Some Issues', 'Airbus A320'),
 ('6d9ce5db-1afd-445b-ae57-4200cce0cf6b', '12B', 'Some Issues', 'Airbus A320'),
 ('64912707-c7be-435c-82b0-362222e46044', '12C', 'Some Issues', 'Airbus A320'),
 ('983e6d04-4c35-47b3-9163-d55a4e786595', '12D', 'Some Issues', 'Airbus A320'),
 ('24dd9771-6731-43c1-a6eb-b4843d6568bd', '12E', 'Some Issues', 'Airbus A320'),
 ('8ac9a3b2-19af-4ead-ab64-3ae224e94916', '12F', 'Some Issues', 'Airbus A320'),
 ('f5c1d926-a475-45d0-935e-a09b4c943e3b', '13A', 'Standard', 'Airbus A320'),
 ('d03ac1c2-3084-46e7-aae9-e94bb1928a96', '13B', 'Standard', 'Airbus A320'),
 ('ca0f673e-0c1c-4d89-a8b7-db21bb2ae458', '13C', 'Standard', 'Airbus A320'),
 ('49f832bf-3b58-48be-a7eb-692f75404bd8', '13D', 'Standard', 'Airbus A320'),
 ('f89431a2-766b-4e85-b8f6-046b8c186ebe', '13E', 'Standard', 'Airbus A320'),
 ('1f348b79-0d0b-439f-a4f5-1727c27bb5e3', '13F', 'Standard', 'Airbus A320'),
 ('d360e38d-0998-455f-b33b-3e6c50a1431a', '14A', 'Standard', 'Airbus A320'),
 ('156d6f24-7ee4-4e8d-af5a-1907afa30e42', '14B', 'Standard', 'Airbus A320'),
 ('88172824-6242-4119-b44f-eb7dc97ffa37', '14C', 'Standard', 'Airbus A320'),
 ('c55c0370-050d-4fea-9723-811c95fab3f4', '14D', 'Standard', 'Airbus A320'),
 ('89bc08f3-bd93-4103-87ac-de032ecf47ad', '14E', 'Standard', 'Airbus A320'),
 ('4bc533fd-b68b-4821-bb72-c2bdb23958b4', '14F', 'Standard', 'Airbus A320'),
 ('146c4374-d61a-4e6b-bdd2-bf639173ad6e', '15A', 'Wing From Window View', 'Airbus A320'),
 ('3fa1e653-4153-4915-b953-55011a3e43eb', '15B', 'Standard', 'Airbus A320'),
 ('591d45e9-9a14-49c7-853f-d56449f786b2', '15C', 'Standard', 'Airbus A320'),
 ('5624b44a-af44-4309-b6c4-9c74ddb1c6fb', '15D', 'Standard', 'Airbus A320'),
 ('d44b48ea-8bdf-4932-9527-3b4620fd6db4', '15E', 'Standard', 'Airbus A320'),
 ('c1318ea3-f687-47b5-9b2a-29b83ac821a6', '15F', 'Wing From Window View', 'Airbus A320'),
 ('bd955196-0344-4e7a-b22c-b7ae942de64c', '16A', 'Reduced Comfort', 'Airbus A320'),
 ('0ea1893b-c74c-4b0b-a225-8a6dc1cdecde', '16B', 'Restricted', 'Airbus A320'),
 ('c8ded864-9c9d-4ebd-b147-e5f5f61ab1c8', '16C', 'Restricted', 'Airbus A320'),
 ('5898f7ac-485d-47c9-a940-fdc4ad75e582', '16D', 'Restricted', 'Airbus A320'),
 ('5f0f6b46-650b-4737-b908-3189d5d5a66c', '16E', 'Restricted', 'Airbus A320'),
 ('62bfb99a-ce1e-44a2-881c-5e56f668a2e3', '16F', 'Reduced Comfort', 'Airbus A320'),
 ('bb7ce01d-05ee-4cc3-8a47-f942da1d8218', '17A', 'Some Issues', 'Airbus A320'),
 ('b5f49709-4acc-4d4a-961b-ba5a11ae6f96', '17B', 'Some Issues', 'Airbus A320'),
 ('abe47c08-46ae-4374-a534-1cd52f6fd726', '17C', 'Some Issues', 'Airbus A320'),
 ('a574fd55-fd3f-452b-9701-01e68771cf98', '17D', 'Some Issues', 'Airbus A320'),
 ('a53644fa-74dc-4ec6-9456-ab9bede7cf26', '17E', 'Some Issues', 'Airbus A320'),
 ('acfd8410-c24b-4167-a933-767340607dd0', '17F', 'Some Issues', 'Airbus A320'),
 ('2be6d9d5-7124-4923-ae1a-fa49e28d44e8', '18A', 'Some Issues', 'Airbus A320'),
 ('ad847473-9482-444a-b0c6-7960d89edf9a', '18B', 'Some Issues', 'Airbus A320'),
 ('20147255-95e8-4994-acb4-56cc72cfe013', '18C', 'Some Issues', 'Airbus A320'),
 ('e75a5ec5-db72-4849-b8a5-f5db70249c79', '18D', 'Some Issues', 'Airbus A320'),
 ('0b92fe35-36ef-41a3-bd62-2bd206822468', '18E', 'Some Issues', 'Airbus A320'),
 ('7829ee46-fc2c-43e2-8004-20d106cdfa45', '18F', 'Some Issues', 'Airbus A320'),
 ('153b863d-a686-4047-a9d5-961e5cb9302b', '19A', 'Wing From Window View', 'Airbus A320'),
 ('fe29198f-e5d6-4f9c-9fe7-5c29ba2e24f8', '19B', 'Standard', 'Airbus A320'),
 ('907c53df-66ea-4f28-b424-bca44105e950', '19C', 'Standard', 'Airbus A320'),
 ('b598fda8-0316-4480-8651-d1b41105151c', '19D', 'Standard', 'Airbus A320'),
 ('45c05307-bc7a-473a-89b9-cbb2388589ca', '19E', 'Standard', 'Airbus A320'),
 ('c963d4b5-5710-401d-a2e7-3d286d5efc54', '19F', 'Wing From Window View', 'Airbus A320'),
 ('22bdd265-c279-4621-a441-6e9d6c70bc0b', '20A', 'Wing From Window View', 'Airbus A320'),
 ('d3686143-6b18-486f-bb4f-9a95b6528beb', '20B', 'Standard', 'Airbus A320'),
 ('1c9e94ba-7141-4735-bbb7-31e0665c088c', '20C', 'Standard', 'Airbus A320'),
 ('18cab286-b013-4bee-95c4-9bb25077cb3d', '20D', 'Standard', 'Airbus A320'),
 ('b5883651-febf-4ca8-97de-4dbcd771439f', '20E', 'Standard', 'Airbus A320'),
 ('7686e72f-87d2-44ec-8677-02e2787c4756', '20F', 'Wing From Window View', 'Airbus A320'),
 ('ea7fca93-12b5-4a0d-b1eb-ce5930867ca0', '21A', 'Wing From Window View', 'Airbus A320'),
 ('ebe5a459-deff-4b65-87b0-03561df3f9a3', '21B', 'Standard', 'Airbus A320'),
 ('f490175e-4562-4c55-9351-c4030bcc2209', '21C', 'Standard', 'Airbus A320'),
 ('b432409d-64ea-44f4-b111-36ef3dc2873a', '21D', 'Standard', 'Airbus A320'),
 ('98633e39-30d2-4ae2-bbe6-7248b82279cc', '21E', 'Standard', 'Airbus A320'),
 ('d904379f-8d4e-4f64-8dd4-c5eb393db51c', '21F', 'Wing From Window View', 'Airbus A320'),
 ('f61d8200-12ea-4898-b732-46dec726a7bb', '22A', 'Wing From Window View', 'Airbus A320'),
 ('7c37f5c1-bcdd-455e-82f9-eea2de30239a', '22B', 'Standard', 'Airbus A320'),
 ('2c0481cf-5429-4aa6-a55a-06628bdf8980', '22C', 'Standard', 'Airbus A320'),
 ('24dfffd5-4974-494a-82be-42da451305ef', '22D', 'Standard', 'Airbus A320'),
 ('505144ea-148b-46cb-9020-bf5f651eca5f', '22E', 'Standard', 'Airbus A320'),
 ('58fbe896-e437-44be-bc6f-3bd219ad5e19', '22F', 'Wing From Window View', 'Airbus A320'),
 ('4a38695c-ff93-4e93-a8eb-e170591c0539', '23A', 'Standard', 'Airbus A320'),
 ('ddce2457-e7c3-4e36-926d-277dfcdd578f', '23B', 'Standard', 'Airbus A320'),
 ('9a4a3cde-0f1f-49e1-81fe-6707a85b87e2', '23C', 'Standard', 'Airbus A320'),
 ('634e6696-e383-4e11-8ba4-fd8b4949aced', '23D', 'Standard', 'Airbus A320'),
 ('3d241252-c7eb-410d-99c4-60564643fc71', '23E', 'Standard', 'Airbus A320'),
 ('3afda10f-e335-4cd5-8803-d2b97f6fc3fc', '23F', 'Standard', 'Airbus A320'),
 ('2a3977cf-5e66-4520-9656-e9d02930d269', '24A', 'Standard', 'Airbus A320'),
 ('f7f47dea-9ab5-4ce0-a849-35ec0d3e2a9d', '24B', 'Standard', 'Airbus A320'),
 ('27c511c4-d7a2-449e-aac4-8c87a2235324', '24C', 'Standard', 'Airbus A320'),
 ('54d1dc50-1f02-46ca-b2c6-b68fc5100fb8', '24D', 'Standard', 'Airbus A320'),
 ('768a7651-1fc5-421c-a400-69e75dc5f524', '24E', 'Standard', 'Airbus A320'),
 ('20418509-a933-4d47-beae-20f24eafe3ae', '24F', 'Standard', 'Airbus A320'),
 ('1f259ab7-9fd0-42d5-95ee-f11c2d83d7d8', '25A', 'Standard', 'Airbus A320'),
 ('d861eee8-6eef-4b8c-96f3-3e90ed7c2e66', '25B', 'Standard', 'Airbus A320'),
 ('17b3694f-4102-4497-a907-a3ea5223532a', '25C', 'Standard', 'Airbus A320'),
 ('ad554fdb-e4a9-4c62-b4bb-aa075e44be15', '25D', 'Standard', 'Airbus A320'),
 ('be4ad241-9475-4f26-81ce-31a412660367', '25E', 'Standard', 'Airbus A320'),
 ('ccaa5796-d51b-4639-abe0-76508117a1c5', '25F', 'Standard', 'Airbus A320'),
 ('5c820eb4-f1d3-496e-8a60-47cfed3e1ffc', '26A', 'Standard', 'Airbus A320'),
 ('ab0332a9-36a5-45ed-a228-41966c0e35fc', '26B', 'Standard', 'Airbus A320'),
 ('768f7380-e459-4140-854c-3a6f03568cf0', '26C', 'Standard', 'Airbus A320'),
 ('817b908a-4a47-41b8-a14a-40cad65b75c4', '26D', 'Standard', 'Airbus A320'),
 ('ff880583-d22e-4616-bc3a-b1f30c4d8dcd', '26E', 'Standard', 'Airbus A320'),
 ('487bc5c5-5987-46eb-b3b6-a6535d0b4d78', '26F', 'Standard', 'Airbus A320'),
 ('9ba7a156-cf96-49aa-9e92-0ea272ba4a3e', '27A', 'Standard', 'Airbus A320'),
 ('3e8211e6-3004-4a01-b9a7-f08f182e2a4b', '27B', 'Standard', 'Airbus A320'),
 ('e64bddd8-b701-4c66-b067-b093678b6d0b', '27C', 'Standard', 'Airbus A320'),
 ('ee784e63-b67b-4801-86aa-beaedc684ce2', '27D', 'Standard', 'Airbus A320'),
 ('5ebf1056-4e60-4798-9db8-24df85fa1486', '27E', 'Standard', 'Airbus A320'),
 ('e2da1cac-aaa4-48a3-b365-72a63d5ead22', '27F', 'Standard', 'Airbus A320'),
 ('fe3b4ad7-4972-446d-8fd6-d7a51078fdf6', '28A', 'Standard', 'Airbus A320'),
 ('2cd75d8f-46c7-4ca2-b46f-069be6deca4a', '28B', 'Standard', 'Airbus A320'),
 ('3ffcd4d0-64d9-4685-bc2f-08df6849fc06', '28C', 'Standard', 'Airbus A320'),
 ('144e134a-7980-45cf-a9d8-f95b4e7b3200', '28D', 'Standard', 'Airbus A320'),
 ('b564d66c-7553-4876-be3a-a5366b7e0ec1', '28E', 'Standard', 'Airbus A320'),
 ('cdbf5d91-a257-4eb5-a79d-130346637270', '28F', 'Standard', 'Airbus A320'),
 ('b00c27f5-b01c-4954-acee-9487e9a73d59', '29A', 'Standard', 'Airbus A320'),
 ('7466e618-9071-49e0-bdb3-cb073bae1f7f', '29B', 'Standard', 'Airbus A320'),
 ('dfa45f9a-4f73-4f64-a8f7-ad3e1cf0f58f', '29C', 'Standard', 'Airbus A320'),
 ('e04aa440-4077-49a2-8700-10be69a466e7', '29D', 'Standard', 'Airbus A320'),
 ('aa635390-5e60-4731-a893-2bf63782e45a', '29E', 'Standard', 'Airbus A320'),
 ('922275f0-a18e-4d71-b181-96bf89d4d6fe', '29F', 'Standard', 'Airbus A320'),
 ('992c1de9-039c-49f1-a37c-6818896be0d9', '30A', 'Standard', 'Airbus A320'),
 ('c0026ba9-1d2f-4833-85e1-9119624ead45', '30B', 'Standard', 'Airbus A320'),
 ('babcbf64-b58e-4298-8a9c-d1094022ed59', '30C', 'Standard', 'Airbus A320'),
 ('751caf69-8a71-4d44-ba97-dd8da8ed1a2c', '30D', 'Standard', 'Airbus A320'),
 ('69cb6909-9729-4477-9507-ec5f109c91b7', '30E', 'Standard', 'Airbus A320'),
 ('d64aa9ec-e794-4474-b380-8078aa9cb6a6', '30F', 'Standard', 'Airbus A320'),
 ('2fcf71fc-af97-403f-8a68-bd0bf530746c', '31A', 'Standard', 'Airbus A320'),
 ('90e80ede-7a6f-4508-a1a4-936fc764b16e', '31B', 'Standard', 'Airbus A320'),
 ('b4eb75dc-e590-41f7-b8e5-6a7130e17f26', '31C', 'Standard', 'Airbus A320'),
 ('ee7f5744-414d-4513-bd72-98c6f75eb4bd', '31D', 'Standard', 'Airbus A320'),
 ('c53f035d-a131-4f21-89af-d1f0a656a8df', '31E', 'Standard', 'Airbus A320'),
 ('9996c6d2-9193-4d90-aa48-dd746b804309', '31F', 'Standard', 'Airbus A320'),
 ('97867e82-c2eb-4e32-88ee-77cd962fb104', '32A', 'Reduced Comfort', 'Airbus A320'),
 ('af1a65ce-7d8f-422e-a8eb-0c4beaad2c7b', '32B', 'Reduced Comfort', 'Airbus A320'),
 ('bf03f267-1a03-4d3b-a78f-e78462984112', '32C', 'Reduced Comfort', 'Airbus A320'),
 ('8fced0bc-16a7-418e-8dff-452f73f39671', '32D', 'Reduced Comfort', 'Airbus A320'),
 ('09e48143-09bc-40f6-9f6f-f9997542ab73', '32E', 'Reduced Comfort', 'Airbus A320'),
 ('c71b62f6-45a4-4081-836a-f0ea59fc12dd', '32F', 'Reduced Comfort', 'Airbus A320'),
 ('27d1c4f0-c736-4146-92e1-271b86f5d731', '33A', 'Reduced Comfort', 'Airbus A320'),
 ('ef25f4f1-e019-4d15-b21b-9db485963d35', '33B', 'Reduced Comfort', 'Airbus A320'),
 ('a4f8f6ca-fe90-4fd3-918f-d69386b4911e', '33C', 'Reduced Comfort', 'Airbus A320'),
 ('acd1c44e-27b9-4fac-b636-cb91464bf644', '33D', 'Reduced Comfort', 'Airbus A320'),
 ('5b08303b-c80c-47ea-91df-a53a784faffb', '33E', 'Reduced Comfort', 'Airbus A320'),
 ('3c6e6a52-c642-4b1a-b104-33b051fd8932', '33F', 'Reduced Comfort', 'Airbus A320'); 

;

INSERT INTO public.flight (flight_id, flight_number, route_id, flight_model_name_key) 
VALUES 
('7a1c6e0b-29c0-46ac-bc15-09e5c712c916', 'AC123', 'bbd51bf5-0c06-4c92-80d3-3f8f33501f6b', 'Boeing 737'),
('d4e9fb27-18f2-4cf9-8e4c-8fbae2d462f1', 'AC456', 'f86002e0-8d94-42c5-b08e-45e3589450b0', 'Airbus A320'),
('d3307bb8-6ae7-4e0b-b780-8719b3a27312', 'AC789', '91cc0d97-ff92-4f45-93f6-68a112a21c8c', 'Embraer E190')
;

INSERT INTO public.flight_schedule (flight_schedule_id, flight_id, departure_date, departure_time)
VALUES
('1661ed8d-d733-4f1e-89f1-980678878305', '7a1c6e0b-29c0-46ac-bc15-09e5c712c916', '2024-08-21', '12:00:00'),
('5b31503f-10aa-4e5e-82e3-2a6b9e2e4e9a', 'd4e9fb27-18f2-4cf9-8e4c-8fbae2d462f1', '2024-08-21', '13:00:00'),
('3e069c8f-bf36-4892-9055-2fc6b68e4ee4', 'd3307bb8-6ae7-4e0b-b780-8719b3a27312', '2024-08-21', '14:00:00')
;

INSERT INTO public.plane_map_imgs (flight_model_name_key, img_url)
VALUES
('Boeing 737', 'https://i.ibb.co/r2qJBH4/boeing.png'),
('Airbus A320', 'https://i.ibb.co/xGtMgSD/Airbus.jpg'),
('Embraer E190', 'https://i.ibb.co/7Wpxkt5/Embraer.jpg')
;